AA,BB,CC
"8910 FORT DR, MANASSAS, VA 20110",,Residential
Status:  ACTIVE,ML#:  MN10112071,"List Price:  $345,000.00"
Type:  Detached,Style:  Rambler,Transaction Type: Standard
BR:  4  FB:  3  HB:  0,Levels:  2   Fpls:  2,ADC Map Coord: 9F6
#Gar/Carpt/Assign:  1/1/,HOA/Condo Fee:  /,
Lot Acres:  .48,Int Sqft: 2756,Yr Blt:  1970
Adv Sub:  LIBERIA,,"Total Taxes:  $5,395.94"
"Basement Type:  Walkout Stairs, Fully Finished",,
"Heat:  Baseboard, Hot Water,Natural Gas",,
Listing Company:  K Realty,,
Close Date: ,Close Price: ,DOMM/DOMP: 130/130
,,
,,
,,
"15925 DONALD CURTIS DR, WOODBRIDGE, VA 22191",,Residential
Status:  ACTIVE,ML#:  PW10158497,"List Price:  $270,000.00"
Type:  Detached,Style:  Rambler,Transaction Type: Standard
BR:  4  FB:  2  HB:  0,Levels:  2   Fpls:  0,ADC Map Coord: XXXXXX
#Gar/Carpt/Assign:  //,HOA/Condo Fee:  /,
Lot Acres:  .53,Int Sqft: 0,Yr Blt:  1967
Adv Sub:  GARFIELD ESTATES,,"Total Taxes:  $2,916.14"
"Basement Type:  Improved, Fully Finished, Full",,
"Heat:  Heat Pump(s),Natural Gas",,
Listing Company:  Fairfax Realty Select,,
Close Date: ,Close Price: ,DOMM/DOMP: 131/131
,,
,,
,,
"8953 WESTCHESTER DR, MANASSAS, VA 20112",,Residential
Status:  ACTIVE,ML#:  PW10189858,"List Price:  $390,000.00"
Type:  Detached,Style:  Split Foyer,Transaction Type: Standard
BR:  5  FB:  3  HB:  0,Levels:  2   Fpls:  1,ADC Map Coord: GOOGLE
#Gar/Carpt/Assign:  //,HOA/Condo Fee:  $.00/,
Lot Acres:  1.34,Int Sqft: 2221,Yr Blt:  1979
Adv Sub:  WESTCHESTER,,"Total Taxes:  $3,709.93"
Basement Type:  Rear Entrance,,
"Heat:  Heat Pump(s),Electric",,
Listing Company:  Next Home Elite Plus,,
Close Date: ,Close Price: ,DOMM/DOMP: 94/94
,,
,,
,,
"4817 KEMPAIR CT, WOODBRIDGE, VA 22193",,Residential
Status:  ACTIVE,ML#:  PW10193813,"List Price:  $345,000.00"
Type:  Detached,Style:  Split Foyer,Transaction Type: Standard
BR:  4  FB:  2  HB:  1,Levels:  2   Fpls:  1,ADC Map Coord: GOOGLE
#Gar/Carpt/Assign:  1//,HOA/Condo Fee:  /,
Lot Acres:  .42,Int Sqft: 0,Yr Blt:  1973
Adv Sub:  DALE CITY,,"Total Taxes:  $3,764.90"
"Basement Type:  Fully Finished, Front Entrance, Rear Entrance, Walkout Level",,
"Heat:  Central, Heat Pump(s),Electric",,
"Listing Company:  Westgate Realty Group, Inc.",,
Close Date: ,Close Price: ,DOMM/DOMP: 46/46
,,
,,
,,
"8763 BRADLEY FORGE DR, MANASSAS, VA 20112",,Residential
Status:  ACTIVE,ML#:  PW10197392,"List Price:  $380,000.00"
Type:  Detached,Style:  Rambler,Transaction Type: Standard
BR:  4  FB:  3  HB:  0,Levels:  2   Fpls:  1,ADC Map Coord: TBD
#Gar/Carpt/Assign:  //,HOA/Condo Fee:  /,
Lot Acres:  5.95,Int Sqft: 2825,Yr Blt:  1982
Adv Sub:  NONE,,"Total Taxes:  $3,944.15"
"Basement Type:  Full, Fully Finished",,
"Heat:  Heat Pump(s),Electric",,
Listing Company:  Coldwell Banker Residential Brokerage,,
Close Date: ,Close Price: ,DOMM/DOMP: 36/36
,,
,,
,,
"13427 GREENVALE RD, WOODBRIDGE, VA 22192",,Residential
Status:  ACTIVE,ML#:  PW10222464,"List Price:  $419,950.00"
Type:  Detached,Style:  Colonial,Transaction Type: Standard
BR:  4  FB:  3  HB:  1,Levels:  3   Fpls:  1,ADC Map Coord: GPS
#Gar/Carpt/Assign:  2//,HOA/Condo Fee:  $40.00/,
Lot Acres:  .33,Int Sqft: 2657,Yr Blt:  1979
Adv Sub:  ROLLINGWOOD,,"Total Taxes:  $4,242.90"
"Basement Type:  Daylight, Full, Heated, Outside Entrance, Rear Entrance, Walkout Level, Windows",,
"Heat:  Forced Air, Heat Pump(s), Programmable Thermostat,Electric",,
Listing Company:  Coldwell Banker Residential Brokerage,,
Close Date: ,Close Price: ,DOMM/DOMP: 56/56
,,
,,
,,
"12841 VALLEYHILL ST, WOODBRIDGE, VA 22192",,Residential
Status:  ACTIVE,ML#:  PW10219880,"List Price:  $410,000.00"
Type:  Detached,Style:  Traditional,Transaction Type: Standard
BR:  4  FB:  3  HB:  1,Levels:  3   Fpls:  1,ADC Map Coord: WAZE
#Gar/Carpt/Assign:  1//,HOA/Condo Fee:  $192.50/,
Lot Acres:  .27,Int Sqft: 0,Yr Blt:  1987
Adv Sub:  OLD BRIDGE ESTATES,,"Total Taxes:  $4,869.08"
"Basement Type:  Fully Finished, Walkout Level",,
"Heat:  Heat Pump(s),Electric",,
"Listing Company:  Weichert, REALTORS",,
Close Date: ,Close Price: ,DOMM/DOMP: 63/63
,,
,,
,,
"8602 JACKSON AVE, MANASSAS, VA 20110",,Residential
Status:  ACTIVE,ML#:  MN10228026,"List Price:  $387,500.00"
Type:  Detached,Style:  Colonial,Transaction Type: Standard
BR:  4  FB:  2  HB:  1,Levels:  3   Fpls:  1,ADC Map Coord: GPS
#Gar/Carpt/Assign:  1//,HOA/Condo Fee:  /,
Lot Acres:  .28,Int Sqft: 2188,Yr Blt:  1970
Adv Sub:  POINT OF WOODS,,"Total Taxes:  $4,471.36"
Basement Type:  Partially Finished,,
"Heat:  Central,Natural Gas",,
Listing Company:  Century 21 New Millennium,,
Close Date: ,Close Price: ,DOMM/DOMP: 55/55
,,
,,
,,
"14400 BAKERSFIELD ST, WOODBRIDGE, VA 22193",,Residential
Status:  ACTIVE,ML#:  PW10223437,"List Price:  $329,900.00"
Type:  Detached,Style:  Bilevel,Transaction Type: Standard
BR:  5  FB:  2  HB:  0,Levels:  2   Fpls:  0,ADC Map Coord: .
#Gar/Carpt/Assign:  //,HOA/Condo Fee:  /,
Lot Acres:  .37,Int Sqft: 1536,Yr Blt:  1968
Adv Sub:  DALE CITY RESUB,,"Total Taxes:  $2,730.03"
Basement Type: ,,
"Heat:  Forced Air,Electric",,
Listing Company:  Federated Realty LLC,,
Close Date: ,Close Price: ,DOMM/DOMP: 51/51
,,
,,
,,
"5393 MARCEL CT, WOODBRIDGE, VA 22193",,Residential
Status:  ACTIVE,ML#:  PW10225339,"List Price:  $339,000.00"
Type:  Detached,Style:  Split Foyer,Transaction Type: Standard
BR:  4  FB:  2  HB:  0,Levels:  2   Fpls:  0,ADC Map Coord: UNKNOWN
#Gar/Carpt/Assign:  //,HOA/Condo Fee:  /,
Lot Acres:  .32,Int Sqft: 0,Yr Blt:  1980
Adv Sub:  DALE CITY,,"Total Taxes:  $3,249.86"
"Basement Type:  Full, Fully Finished",,
"Heat:  Heat Pump(s),Electric",,
Listing Company:  Kylin Realty Inc.,,
Close Date: ,Close Price: ,DOMM/DOMP: 44/44
,,
,,
,,
"15828 DONALD CURTIS DR, WOODBRIDGE, VA 22191",,Residential
Status:  ACTIVE,ML#:  PW10226667,"List Price:  $309,000.00"
Type:  Detached,Style:  Raised Rambler,Transaction Type: Standard
BR:  4  FB:  2  HB:  0,Levels:  2   Fpls:  0,ADC Map Coord: 22B9
#Gar/Carpt/Assign:  //,HOA/Condo Fee:  /,
Lot Acres:  .32,Int Sqft: 1776,Yr Blt:  1955
Adv Sub:  GARFIELD ESTATES,,"Total Taxes:  $2,598.78"
"Basement Type:  Daylight, Full, Fully Finished",,
"Heat:  Heat Pump(s),Electric",,
"Listing Company:  Weichert, REALTORS",,
Close Date: ,Close Price: ,DOMM/DOMP: 15/15
,,
,,
,,
"7264 RIDGEWAY DR, MANASSAS, VA 20112",,Residential
Status:  ACTIVE,ML#:  PW10229710,"List Price:  $395,000.00"
Type:  Detached,Style:  Colonial,Transaction Type: Standard
BR:  4  FB:  3  HB:  1,Levels:  3   Fpls:  1,ADC Map Coord: XXXXXXXXXX
#Gar/Carpt/Assign:  2//,HOA/Condo Fee:  /,
Lot Acres:  .47,Int Sqft: 2554,Yr Blt:  1974
Adv Sub:  OAK RIDGE ESTATES,,"Total Taxes:  $3,818.76"
Basement Type:  Fully Finished,,
"Heat:  Central,Natural Gas",,
"Listing Company:  Long & Foster Real Estate, Inc.",,
Close Date: ,Close Price: ,DOMM/DOMP: 54/54
,,
,,
,,
"8983 MEADOWVIEW DR, MANASSAS, VA 20110",,Residential
Status:  ACTIVE,ML#:  MN10277301,"List Price:  $330,000.00"
Type:  Detached,Style:  Rambler,Transaction Type: Standard
BR:  4  FB:  2  HB:  0,Levels:  1   Fpls:  0,ADC Map Coord: GPS
#Gar/Carpt/Assign:  //,HOA/Condo Fee:  /,
Lot Acres:  .50,Int Sqft: 0,Yr Blt:  1950
Adv Sub:  MEADOWVIEW,,"Total Taxes:  $4,144.46"
Basement Type: ,,
"Heat:  Heat Pump(s),Electric",,
Listing Company:  Keller Williams Realty,,
Close Date: ,Close Price: ,DOMM/DOMP: 6/6
,,
,,
,,
"8005 RONALD RD, MANASSAS, VA 20112",,Residential
Status:  ACTIVE,ML#:  PW10242636,"List Price:  $400,000.00"
Type:  Detached,Style:  Colonial,Transaction Type: Standard
BR:  4  FB:  2  HB:  1,Levels:  2   Fpls:  1,ADC Map Coord: 13J5
#Gar/Carpt/Assign:  /2/,HOA/Condo Fee:  /,
Lot Acres:  .46,Int Sqft: 0,Yr Blt:  1972
Adv Sub:  NONE,,"Total Taxes:  $4,087.85"
Basement Type: ,,
"Heat:  Forced Air,Oil",,
Listing Company:  Keller Williams Realty/Lee Beaver & Assoc.,,
Close Date: ,Close Price: ,DOMM/DOMP: 42/42
,,
,,
,,
"10465 BRACKETS FORD CIR, MANASSAS, VA 20110",,Residential
Status:  ACTIVE,ML#:  MN10245395,"List Price:  $419,000.00"
Type:  Detached,Style:  Colonial,Transaction Type: Standard
BR:  4  FB:  2  HB:  1,Levels:  3   Fpls:  1,ADC Map Coord: MAP
#Gar/Carpt/Assign:  2//,HOA/Condo Fee:  /,
Lot Acres:  .29,Int Sqft: 0,Yr Blt:  1988
Adv Sub:  JACKSON MANOR,,"Total Taxes:  $4,674.80"
"Basement Type:  Partially Finished, Windows, Workshop, Connecting Stairway",,
"Heat:  Heat Pump(s),Electric",,
Listing Company:  TTR Sotheby's International Realty,,
Close Date: ,Close Price: ,DOMM/DOMP: 40/90
,,
,,
,,
"9522 MCKINLEY AVE, MANASSAS, VA 20110",,Residential
Status:  ACTIVE,ML#:  MN10249456,"List Price:  $410,000.00"
Type:  Detached,Style:  Colonial,Transaction Type: Standard
BR:  4  FB:  3  HB:  1,Levels:  3   Fpls:  0,ADC Map Coord: 9C10
#Gar/Carpt/Assign:  2//,HOA/Condo Fee:  /,
Lot Acres:  .32,Int Sqft: 0,Yr Blt:  2015
Adv Sub:  MCKINLEY MANOR,,"Total Taxes:  $4,871.22"
"Basement Type:  Daylight, Full, Full, Fully Finished, Outside Entrance, Rear Entrance, Walkout Level",,
"Heat:  Heat Pump(s), 90% Forced Air,Electric",,
Listing Company:  Century 21 New Millennium,,
Close Date: ,Close Price: ,DOMM/DOMP: 35/35
,,
,,
,,
"6775 SIGNAL HILL RD, MANASSAS, VA 20111",,Residential
Status:  ACTIVE,ML#:  PW10255515,"List Price:  $399,900.00"
Type:  Detached,Style:  Split Level,Transaction Type: Standard
BR:  4  FB:  2  HB:  0,Levels:  3   Fpls:  1,ADC Map Coord: 0
#Gar/Carpt/Assign:  3//,HOA/Condo Fee:  /,
Lot Acres:  1.82,Int Sqft: 1891,Yr Blt:  1984
Adv Sub:  M LINDSEY HAGOOD,,"Total Taxes:  $3,718.30"
Basement Type:  Fully Finished,,
"Heat:  Forced Air, Baseboard,Bottled Gas / Propane, Electric",,
Listing Company:  Century 21 New Millennium,,
Close Date: ,Close Price: ,DOMM/DOMP: 27/27
,,
,,
,,
"8646 LIBERIA AVE, MANASSAS, VA 20110",,Residential
Status:  ACTIVE,ML#:  MN10252627,"List Price:  $415,000.00"
Type:  Detached,Style:  Colonial,Transaction Type: Standard
BR:  5  FB:  3  HB:  1,Levels:  3   Fpls:  1,ADC Map Coord: GOOGLE
#Gar/Carpt/Assign:  //,HOA/Condo Fee:  /,
Lot Acres:  .25,Int Sqft: 0,Yr Blt:  1979
Adv Sub:  DEER PARK,,"Total Taxes:  $4,350.70"
"Basement Type:  Fully Finished, Windows, Improved",,
"Heat:  Central,Electric",,
Listing Company:  RE/MAX One Solutions,,
Close Date: ,Close Price: ,DOMM/DOMP: 32/32
,,
,,
,,
"7101 KNOTTY OAK LN, MANASSAS, VA 20112",,Residential
Status:  ACTIVE,ML#:  PW10252898,"List Price:  $399,900.00"
Type:  Detached,Style:  Colonial,Transaction Type: Standard
BR:  4  FB:  2  HB:  1,Levels:  2   Fpls:  1,ADC Map Coord: GPS PLEASE
#Gar/Carpt/Assign:  2//,HOA/Condo Fee:  /,
Lot Acres:  .71,Int Sqft: 2200,Yr Blt:  1975
Adv Sub:  OAK HILL,,"Total Taxes:  $3,790.00"
Basement Type: ,,
"Heat:  Central, Ceiling, Heat Pump(s),Electric",,
Listing Company:  BRADLEY GROUP REALTORS,,
Close Date: ,Close Price: ,DOMM/DOMP: 6/6
,,
,,
,,
"6053 PONHILL DR, WOODBRIDGE, VA 22193",,Residential
Status:  ACTIVE,ML#:  PW10258623,"List Price:  $390,900.00"
Type:  Detached,Style:  Colonial,Transaction Type: Standard
BR:  4  FB:  2  HB:  1,Levels:  2   Fpls:  1,ADC Map Coord: 14G12
#Gar/Carpt/Assign:  1//,HOA/Condo Fee:  $.00/,
Lot Acres:  .27,Int Sqft: 0,Yr Blt:  1989
Adv Sub:  DALE CITY,,"Total Taxes:  $3,864.09"
Basement Type: ,,
"Heat:  Forced Air, Heat Pump(s),Natural Gas",,
Listing Company:  Fathom Realty,,
Close Date: ,Close Price: ,DOMM/DOMP: 4/4
,,
,,
,,
"12345 OAKWOOD DR, WOODBRIDGE, VA 22192",,Residential
Status:  ACTIVE,ML#:  PW10255677,"List Price:  $399,990.00"
Type:  Detached,Style:  Colonial,Transaction Type: Standard
BR:  4  FB:  2  HB:  1,Levels:  3   Fpls:  1,ADC Map Coord: GPS
#Gar/Carpt/Assign:  /1/,HOA/Condo Fee:  $125.00/,
Lot Acres:  .28,Int Sqft: 2084,Yr Blt:  1973
Adv Sub:  LAKE RIDGE,,"Total Taxes:  $4,826.06"
Basement Type:  Unfinished,,
"Heat:  Heat Pump(s),Electric",,
Listing Company:  Redfin Corporation,,
Close Date: ,Close Price: ,DOMM/DOMP: 27/27
,,
,,
,,
"2204 LONGVIEW DR W, WOODBRIDGE, VA 22191",,Residential
Status:  ACTIVE,ML#:  PW10255347,"List Price:  $349,900.00"
Type:  Detached,Style:  Split Level,Transaction Type: Standard
BR:  5  FB:  3  HB:  0,Levels:  2   Fpls:  1,ADC Map Coord: 99999
#Gar/Carpt/Assign:  //,HOA/Condo Fee:  /,
Lot Acres:  .30,Int Sqft: 0,Yr Blt:  1966
Adv Sub:  MARUMSCO HILLS,,"Total Taxes:  $3,555.78"
"Basement Type:  Full, Fully Finished",,
"Heat:  Forced Air,Natural Gas",,
Listing Company:  Keller Williams Realty,,
Close Date: ,Close Price: ,DOMM/DOMP: 14/14
,,
,,
,,
"13701 BOTTS AVE, WOODBRIDGE, VA 22191",,Residential
Status:  WITHDRN,ML#:  PW10257195,"List Price:  $339,000.00"
Type:  Detached,Style:  Raised Rambler,Transaction Type: Standard
BR:  4  FB:  2  HB:  0,Levels:  2   Fpls:  0,ADC Map Coord: 0
#Gar/Carpt/Assign:  //,HOA/Condo Fee:  /,
Lot Acres:  .31,Int Sqft: 2200,Yr Blt:  1959
Adv Sub:  MARUMSCO HILLS,,"Total Taxes:  $2,860.29"
Basement Type: ,,
"Heat:  Forced Air,Electric",,
Listing Company:  Fairfax Realty Select,,
Close Date:  26-Jun-2018,Close Price: ,DOMM/DOMP: 18/18
,,
,,
,,
"1505 FOREST LN, WOODBRIDGE, VA 22191",,Residential
Status:  ACTIVE,ML#:  PW10257677,"List Price:  $425,000.00"
Type:  Detached,Style:  Split Level,Transaction Type: Standard
BR:  4  FB:  3  HB:  0,Levels:  3   Fpls:  2,ADC Map Coord: 22F4
#Gar/Carpt/Assign:  //,HOA/Condo Fee:  /,
Lot Acres:  .46,Int Sqft: 2461,Yr Blt:  1965
Adv Sub:  FEATHERSTONE TERRACE FIR,,"Total Taxes:  $3,848.92"
"Basement Type:  Fully Finished, Walkout Level",,
"Heat:  Heat Pump(s),Electric",,
Listing Company:  Keller Williams Realty/Lee Beaver & Assoc.,,
Close Date: ,Close Price: ,DOMM/DOMP: 7/7
,,
,,
,,
"1482 CALIFORNIA ST, WOODBRIDGE, VA 22191",,Residential
Status:  ACTIVE,ML#:  PW10266462,"List Price:  $319,900.00"
Type:  Detached,Style:  Rambler,Transaction Type: Standard
BR:  4  FB:  3  HB:  1,Levels:  2   Fpls:  1,ADC Map Coord: 8391-84-10
#Gar/Carpt/Assign:  //,HOA/Condo Fee:  /,
Lot Acres:  .42,Int Sqft: 0,Yr Blt:  1964
Adv Sub:  MARUMSCO WOODS,,"Total Taxes:  $3,260.05"
Basement Type:  Connecting Stairway,,
"Heat:  Baseboard, Hot Water, Wood Burning Stove,Natural Gas",,
Listing Company:  First American Real Estate,,
Close Date: ,Close Price: ,DOMM/DOMP: 17/17
,,
,,
,,
"2116 PATRICK ST, WOODBRIDGE, VA 22191",,Residential
Status:  ACTIVE,ML#:  PW10258343,"List Price:  $400,000.00"
Type:  Detached,Style:  Colonial,Transaction Type: Standard
BR:  5  FB:  3  HB:  1,Levels:  3   Fpls:  1,ADC Map Coord: 22 D3
#Gar/Carpt/Assign:  /1/,HOA/Condo Fee:  /,
Lot Acres:  .26,Int Sqft: 0,Yr Blt:  1965
Adv Sub:  MARUMSCO HILLS RESUBDIVI,,"Total Taxes:  $3,450.62"
Basement Type:  Fully Finished,,
"Heat:  Hot Water,Natural Gas",,
Listing Company:  Samson Properties,,
Close Date: ,Close Price: ,DOMM/DOMP: 11/11
,,
,,
,,
"14221 MOUNT PLEASANT DR, WOODBRIDGE, VA 22191",,Residential
Status:  ACTIVE,ML#:  PW10259477,"List Price:  $340,000.00"
Type:  Detached,Style:  Raised Rambler,Transaction Type: Standard
BR:  4  FB:  2  HB:  0,Levels:  2   Fpls:  0,ADC Map Coord: 0
#Gar/Carpt/Assign:  //,HOA/Condo Fee:  /,
Lot Acres:  .37,Int Sqft: 0,Yr Blt:  1962
Adv Sub:  MARUMSCO ACRES,,"Total Taxes:  $2,958.28"
Basement Type:  Fully Finished,,
"Heat:  Central,Natural Gas",,
Listing Company:  Elite Realty and Associates LLC,,
Close Date: ,Close Price: ,DOMM/DOMP: 12/12
,,
,,
,,
"2497 HATTERAS CT, WOODBRIDGE, VA 22191",,Residential
Status:  ACTIVE,ML#:  PW10259842,"List Price:  $379,000.00"
Type:  Detached,Style:  Split Foyer,Transaction Type: Standard
BR:  5  FB:  3  HB:  0,Levels:  2   Fpls:  0,ADC Map Coord: 22B10
#Gar/Carpt/Assign:  1//,HOA/Condo Fee:  $141.00/,
Lot Acres:  .27,Int Sqft: 2638,Yr Blt:  1978
Adv Sub:  NEWPORT,,"Total Taxes:  $3,782.83"
"Basement Type:  Daylight, Partial, Fully Finished, Improved",,
"Heat:  Forced Air,Electric",,
"Listing Company:  Long & Foster Real Estate, Inc.",,
Close Date: ,Close Price: ,DOMM/DOMP: 23/23
,,
,,
,,
"11967 GOVERNORS CT, WOODBRIDGE, VA 22192",,Residential
Status:  ACTIVE,ML#:  PW10275333,"List Price:  $424,888.00"
Type:  Detached,Style:  Colonial,Transaction Type: Standard
BR:  4  FB:  3  HB:  0,Levels:  2   Fpls:  1,ADC Map Coord: GPS
#Gar/Carpt/Assign:  2//,HOA/Condo Fee:  $165.00/,
Lot Acres:  .30,Int Sqft: 2005,Yr Blt:  1976
Adv Sub:  LAKE RIDGE,,"Total Taxes:  $4,413.79"
"Basement Type:  Connecting Stairway, Daylight, Partial, Fully Finished, Improved, Heated, Outside Entrance, Rear Entrance, Walkout Level",,
"Heat:  Forced Air, Heat Pump(s),Natural Gas",,
Listing Company:  Berkshire Hathaway HomeServices PenFed Realty,,
Close Date: ,Close Price: ,DOMM/DOMP: 7/7
,,
,,
,,
"10715 MONTGOMERY DR, MANASSAS, VA 20111",,Residential
Status:  ACTIVE,ML#:  PW10266671,"List Price:  $415,000.00"
Type:  Detached,Style:  Rambler,Transaction Type: Standard
BR:  4  FB:  3  HB:  0,Levels:  2   Fpls:  1,ADC Map Coord: GPS
#Gar/Carpt/Assign:  /2/,HOA/Condo Fee:  $.00/,
Lot Acres:  .95,Int Sqft: 2876,Yr Blt:  1967
Adv Sub:  HILLCREST ESTATES,,"Total Taxes:  $3,778.93"
"Basement Type:  Fully Finished, Walkout Level",,
"Heat:  Heat Pump(s), Baseboard,Electric",,
Listing Company:  Samson Properties,,
Close Date: ,Close Price: ,DOMM/DOMP: 16/16
,,
,,
,,
"14912 YOLANDA LN, MANASSAS, VA 20112",,Residential
Status:  ACTIVE,ML#:  PW10264612,"List Price:  $389,000.00"
Type:  Detached,Style:  Split Foyer,Transaction Type: Standard
BR:  5  FB:  3  HB:  0,Levels:  2   Fpls:  1,ADC Map Coord: TBD
#Gar/Carpt/Assign:  2//,HOA/Condo Fee:  /,
Lot Acres:  1.05,Int Sqft: 0,Yr Blt:  1979
Adv Sub:  MINNIEVILLE MANOR,,"Total Taxes:  $4,006.29"
Basement Type:  Walkout Level,,
"Heat:  Heat Pump(s),Electric",,
Listing Company:  Samson Properties,,
Close Date: ,Close Price: ,DOMM/DOMP: 19/19
,,
,,
,,
"9517 SPOTSYLVANIA ST, MANASSAS, VA 20110",,Residential
Status:  ACTIVE,ML#:  PW10262875,"List Price:  $375,000.00"
Type:  Detached,Style:  Colonial,Transaction Type: Standard
BR:  4  FB:  3  HB:  0,Levels:  2   Fpls:  0,ADC Map Coord: ZZZZ
#Gar/Carpt/Assign:  //,HOA/Condo Fee:  /,
Lot Acres:  .26,Int Sqft: 0,Yr Blt:  1964
Adv Sub:  WESTGATE OF LOMOND,,"Total Taxes:  $3,398.04"
"Basement Type:  Daylight, Full, Fully Finished, Outside Entrance, Walkout Level",,
"Heat:  Central,Electric",,
Listing Company:  Keller Williams Realty,,
Close Date: ,Close Price: ,DOMM/DOMP: 20/20
,,
,,
,,
"8215 MACBETH ST, MANASSAS, VA 20110",,Residential
Status:  ACTIVE,ML#:  PW10264903,"List Price:  $360,000.00"
Type:  Detached,Style:  Split Level,Transaction Type: Standard
BR:  4  FB:  2  HB:  0,Levels:  3   Fpls:  0,ADC Map Coord: GPS
#Gar/Carpt/Assign:  //,HOA/Condo Fee:  /,
Lot Acres:  .31,Int Sqft: 1580,Yr Blt:  1970
Adv Sub:  HIGHLAND PARK,,"Total Taxes:  $3,463.76"
"Basement Type:  Full, Fully Finished, Heated, Improved, Outside Entrance, Rear Entrance, Walkout Level",,
"Heat:  Forced Air,Natural Gas",,
"Listing Company:  Pearson Smith Realty, LLC",,
Close Date: ,Close Price: ,DOMM/DOMP: 19/19
,,
,,
,,
"9219 PLACID ST, MANASSAS, VA 20110",,Residential
Status:  ACTIVE,ML#:  MN10264142,"List Price:  $425,000.00"
Type:  Detached,Style:  Colonial,Transaction Type: Standard
BR:  4  FB:  2  HB:  1,Levels:  2   Fpls:  1,ADC Map Coord: GPS
#Gar/Carpt/Assign:  2//,HOA/Condo Fee:  /,
Lot Acres:  .36,Int Sqft: 0,Yr Blt:  1978
Adv Sub:  CAVALRY RUN,,"Total Taxes:  $4,698.65"
Basement Type: ,,
"Heat:  Heat Pump(s),Electric",,
Listing Company:  RE/MAX Premier,,
Close Date: ,Close Price: ,DOMM/DOMP: 20/20
,,
,,
,,
"12624 HARBOR DR, WOODBRIDGE, VA 22192",,Residential
Status:  ACTIVE,ML#:  PW10266884,"List Price:  $399,999.00"
Type:  Detached,Style:  Split Foyer,Transaction Type: Standard
BR:  6  FB:  3  HB:  0,Levels:  2   Fpls:  1,ADC Map Coord: 16D9
#Gar/Carpt/Assign:  //,HOA/Condo Fee:  /,
Lot Acres:  .26,Int Sqft: 0,Yr Blt:  1969
Adv Sub:  LAKE RIDGE,,"Total Taxes:  $4,055.29"
"Basement Type:  Daylight, Full, Fully Finished, Heated, Improved, Outside Entrance, Rear Entrance, Shelving, Walkout Level, Windows",,
"Heat:  90% Forced Air,Natural Gas",,
Listing Company:  Samson Properties,,
Close Date: ,Close Price: ,DOMM/DOMP: 16/16
,,
,,
,,
"15025 CONCORD DR, WOODBRIDGE, VA 22193",,Residential
Status:  ACTIVE,ML#:  PW10266094,"List Price:  $360,999.00"
Type:  Detached,Style:  Split Level,Transaction Type: Standard
BR:  4  FB:  2  HB:  1,Levels:  2   Fpls:  1,ADC Map Coord: 21F6
#Gar/Carpt/Assign:  //,HOA/Condo Fee:  /,
Lot Acres:  .31,Int Sqft: 0,Yr Blt:  1972
Adv Sub:  DALE CITY,,"Total Taxes:  $3,376.53"
Basement Type:  Fully Finished,,
"Heat:  Central,Electric",,
"Listing Company:  Exit Realty Associates, LLC.",,
Close Date: ,Close Price: ,DOMM/DOMP: 18/18
,,
,,
,,
"7314 MARIPOSA DR, MANASSAS, VA 20112",,Residential
Status:  ACTIVE,ML#:  PW10267118,"List Price:  $410,000.00"
Type:  Detached,Style:  Split Foyer,Transaction Type: Standard
BR:  4  FB:  3  HB:  0,Levels:  2   Fpls:  1,ADC Map Coord: 000
#Gar/Carpt/Assign:  /2/,HOA/Condo Fee:  $.00/,
Lot Acres:  .54,Int Sqft: 2853,Yr Blt:  1978
Adv Sub:  OAK RIDGE ESTATES,,"Total Taxes:  $4,163.87"
"Basement Type:  Daylight, Partial, Fully Finished, Walkout Level",,
"Heat:  Central,Bottled Gas / Propane",,
"Listing Company:  Long & Foster Real Estate, Inc.",,
Close Date: ,Close Price: ,DOMM/DOMP: 13/13
,,
,,
,,
"15007 ILLINOIS RD, WOODBRIDGE, VA 22191",,Residential
Status:  ACTIVE,ML#:  PW10271611,"List Price:  $325,000.00"
Type:  Detached,Style:  Rambler,Transaction Type: Standard
BR:  4  FB:  2  HB:  0,Levels:  2   Fpls:  0,ADC Map Coord: GPS
#Gar/Carpt/Assign:  //2,HOA/Condo Fee:  /,
Lot Acres:  .28,Int Sqft: 1706,Yr Blt:  1964
Adv Sub:  MARUMSCO WOODS,,"Total Taxes:  $3,274.53"
Basement Type:  Walkout Level,,
"Heat:  Forced Air,Electric",,
Listing Company:  Redfin Corporation,,
Close Date: ,Close Price: ,DOMM/DOMP: 12/12
,,
,,
,,
"7310 CASTLE RD, MANASSAS, VA 20109",,Residential
Status:  ACTIVE,ML#:  PW10270803,"List Price:  $325,000.00"
Type:  Detached,Style:  Raised Rancher,Transaction Type: Standard
BR:  4  FB:  3  HB:  0,Levels:  2   Fpls:  0,ADC Map Coord: 9A2
#Gar/Carpt/Assign:  /1/,HOA/Condo Fee:  /,
Lot Acres:  .29,Int Sqft: 2288,Yr Blt:  1968
Adv Sub:  SUDLEY,,"Total Taxes:  $3,593.10"
"Basement Type:  Fully Finished, Walkout Level",,
"Heat:  Forced Air,Natural Gas",,
Listing Company:  Keller Williams Realty,,
Close Date: ,Close Price: ,DOMM/DOMP: 13/13
,,
,,
,,
"14314 FAIRMONT CT, WOODBRIDGE, VA 22193",,Residential
Status:  ACTIVE,ML#:  PW10268532,"List Price:  $359,000.00"
Type:  Detached,Style:  Raised Rambler,Transaction Type: Standard
BR:  4  FB:  2  HB:  0,Levels:  2   Fpls:  1,ADC Map Coord: TBD
#Gar/Carpt/Assign:  //,HOA/Condo Fee:  $.00/,
Lot Acres:  .26,Int Sqft: 0,Yr Blt:  1967
Adv Sub:  DALE CITY,,"Total Taxes:  $3,230.74"
"Basement Type:  Fully Finished, Daylight, Partial, Improved, Heated, Walkout Level, Windows",,
"Heat:  Central,Electric",,
"Listing Company:  Long & Foster Real Estate, Inc.",,
Close Date: ,Close Price: ,DOMM/DOMP: 14/14
,,
,,
,,
"10443 LABRADOR LOOP, MANASSAS, VA 20112",,Residential
Status:  ACTIVE,ML#:  PW10274790,"List Price:  $424,900.00"
Type:  Detached,Style:  Colonial,Transaction Type: Standard
BR:  4  FB:  2  HB:  1,Levels:  3   Fpls:  1,ADC Map Coord: XXX
#Gar/Carpt/Assign:  2//,HOA/Condo Fee:  $260.00/,
Lot Acres:  .28,Int Sqft: 0,Yr Blt:  1990
Adv Sub:  HIDDEN SPRING,,"Total Taxes:  $4,322.97"
"Basement Type:  Full, Improved, Outside Entrance, Partially Finished, Rough Bath Plumb, Space For Rooms, Walkout Stairs",,
"Heat:  Forced Air,Electric",,
"Listing Company:  Weichert, REALTORS",,
Close Date: ,Close Price: ,DOMM/DOMP: 7/7
,,
,,
,,
"9810 HUTCHISON LN, MANASSAS, VA 20110",,Residential
Status:  ACTIVE,ML#:  MN10276733,"List Price:  $399,999.00"
Type:  Detached,Style:  Cape Cod,Transaction Type: Standard
BR:  4  FB:  2  HB:  0,Levels:  2   Fpls:  0,ADC Map Coord: GPS
#Gar/Carpt/Assign:  2//,HOA/Condo Fee:  /,
Lot Acres:  .53,Int Sqft: 2095,Yr Blt:  1960
Adv Sub:  HUTCHISON,,"Total Taxes:  $4,802.47"
Basement Type: ,,
"Heat:  Forced Air,Natural Gas",,
Listing Company:  Redfin Corporation,,
Close Date: ,Close Price: ,DOMM/DOMP: 6/6
,,
,,
,,
"3208 BERKLEY LN, WOODBRIDGE, VA 22193",,Residential
Status:  ACTIVE,ML#:  PW10276686,"List Price:  $350,000.00"
Type:  Detached,Style:  Bilevel,Transaction Type: Standard
BR:  4  FB:  2  HB:  0,Levels:  2   Fpls:  1,ADC Map Coord: 0
#Gar/Carpt/Assign:  //2,HOA/Condo Fee:  $.00/,
Lot Acres:  .26,Int Sqft: 1990,Yr Blt:  1966
Adv Sub:  DALE CITY RESUB,,"Total Taxes:  $2,719.28"
Basement Type:  Fully Finished,,
"Heat:  Heat Pump(s),Electric",,
Listing Company:  Redfin Corporation,,
Close Date: ,Close Price: ,DOMM/DOMP: 6/6
,,
,,
,,
"2708 CRABAPPLE CT, WOODBRIDGE, VA 22192",,Residential
Status:  ACTIVE,ML#:  PW10276511,"List Price:  $399,900.00"
Type:  Detached,Style:  Split Level,Transaction Type: Standard
BR:  4  FB:  3  HB:  0,Levels:  3   Fpls:  1,ADC Map Coord: GOOGLE
#Gar/Carpt/Assign:  1//,HOA/Condo Fee:  $161.02/,
Lot Acres:  .30,Int Sqft: 1927,Yr Blt:  1973
Adv Sub:  LAKE RIDGE,,"Total Taxes:  $4,180.76"
Basement Type:  Fully Finished,,
"Heat:  Forced Air,Natural Gas",,
Listing Company:  Keller Williams Realty,,
Close Date: ,Close Price: ,DOMM/DOMP: 6/6
,,
,,
,,
"1305 E ST, WOODBRIDGE, VA 22191",,Residential
Status:  ACTIVE,ML#:  PW10270080,"List Price:  $319,500.00"
Type:  Detached,Style:  Rambler,Transaction Type: Standard
BR:  4  FB:  2  HB:  0,Levels:  1   Fpls:  0,ADC Map Coord: GPS
#Gar/Carpt/Assign:  /1/,HOA/Condo Fee:  /,
Lot Acres:  .26,Int Sqft: 0,Yr Blt:  1959
Adv Sub:  BOTTS,,"Total Taxes:  $3,208.03"
Basement Type: ,,
"Heat:  Forced Air, Heat Pump(s),Electric",,
Listing Company:  JB Home Realty LLC,,
Close Date: ,Close Price: ,DOMM/DOMP: 13/13
,,
,,
,,
"12203 CAPTAINS CT, WOODBRIDGE, VA 22192",,Residential
Status:  ACTIVE,ML#:  PW10271004,"List Price:  $425,000.00"
Type:  Detached,Style:  Split Level,Transaction Type: Standard
BR:  4  FB:  2  HB:  1,Levels:  3   Fpls:  1,ADC Map Coord: XXX
#Gar/Carpt/Assign:  1//,HOA/Condo Fee:  /,
Lot Acres:  .29,Int Sqft: 0,Yr Blt:  1970
Adv Sub:  LAKE RIDGE,,"Total Taxes:  $4,111.45"
"Basement Type:  Daylight, Full, Fully Finished, Heated, Improved, Outside Entrance, Side Entrance, Walkout Level, Windows, Workshop",,
"Heat:  Forced Air,Natural Gas",,
"Listing Company:  Long & Foster Real Estate, Inc.",,
Close Date: ,Close Price: ,DOMM/DOMP: 12/12
,,
,,
,,
"4821 KENTBURY CT, WOODBRIDGE, VA 22193",,Residential
Status:  ACTIVE,ML#:  PW10271199,"List Price:  $364,900.00"
Type:  Detached,Style:  Split Foyer,Transaction Type: Standard
BR:  4  FB:  2  HB:  1,Levels:  2   Fpls:  1,ADC Map Coord: N/A
#Gar/Carpt/Assign:  1//,HOA/Condo Fee:  /,
Lot Acres:  .32,Int Sqft: 2205,Yr Blt:  1973
Adv Sub:  DALE CITY,,"Total Taxes:  $3,803.14"
Basement Type:  Fully Finished,,
"Heat:  Forced Air,Electric",,
Listing Company:  Coldwell Banker Elite,,
Close Date: ,Close Price: ,DOMM/DOMP: 12/12
,,
,,
,,
"13731 MARILYN CT, WOODBRIDGE, VA 22193",,Residential
Status:  ACTIVE,ML#:  PW10276151,"List Price:  $299,000.00"
Type:  Detached,Style:  Split Foyer,Transaction Type: Standard
BR:  4  FB:  2  HB:  0,Levels:  2   Fpls:  1,ADC Map Coord: N/A
#Gar/Carpt/Assign:  //,HOA/Condo Fee:  /,
Lot Acres:  .25,Int Sqft: 0,Yr Blt:  1979
Adv Sub:  DALE CITY,,"Total Taxes:  $3,350.24"
Basement Type:  Fully Finished,,
"Heat:  Forced Air,Electric",,
Listing Company:  Fairfax Realty of Tysons,,
Close Date: ,Close Price: ,DOMM/DOMP: 7/33
,,
,,
,,
"9301 BYRON ST, MANASSAS, VA 20111",,Residential
Status:  ACTIVE,ML#:  PW10274829,"List Price:  $319,900.00"
Type:  Detached,Style:  Cape Cod,Transaction Type: Standard
BR:  4  FB:  2  HB:  0,Levels:  3   Fpls:  1,ADC Map Coord: 1A2B
#Gar/Carpt/Assign:  //,HOA/Condo Fee:  /,
Lot Acres:  .27,Int Sqft: 0,Yr Blt:  1963
Adv Sub:  LOCH LOMOND,,"Total Taxes:  $3,441.06"
"Basement Type:  Full, Fully Finished, Daylight, Full",,
"Heat:  Baseboard,Natural Gas",,
Listing Company:  Metro Premier Homes,,
Close Date: ,Close Price: ,DOMM/DOMP: 8/8
,,
,,
,,
"12404 HARBOR DR, WOODBRIDGE, VA 22192",,Residential
Status:  ACTIVE,ML#:  PW10276191,"List Price:  $359,900.00"
Type:  Detached,Style:  Split Level,Transaction Type: Standard
BR:  4  FB:  2  HB:  1,Levels:  3   Fpls:  0,ADC Map Coord: GPS
#Gar/Carpt/Assign:  1//,HOA/Condo Fee:  $.00/,
Lot Acres:  .28,Int Sqft: 0,Yr Blt:  1970
Adv Sub:  LAKE RIDGE,,"Total Taxes:  $3,457.79"
"Basement Type:  Daylight, Full, Fully Finished, Heated, Outside Entrance, Walkout Level, Rear Entrance",,
"Heat:  Forced Air,Natural Gas",,
Listing Company:  Samson Properties,,
Close Date: ,Close Price: ,DOMM/DOMP: 7/7
,,
,,
,,
"2171 JENNINGS ST, WOODBRIDGE, VA 22191",,Residential
Status:  ACTIVE,ML#:  PW10275604,"List Price:  $359,990.00"
Type:  Detached,Style:  Split Foyer,Transaction Type: Standard
BR:  4  FB:  2  HB:  1,Levels:  2   Fpls:  0,ADC Map Coord: 8390-13-96
#Gar/Carpt/Assign:  2//,HOA/Condo Fee:  $149.99/,
Lot Acres:  .28,Int Sqft: 1468,Yr Blt:  1986
Adv Sub:  NEWPORT,,"Total Taxes:  $3,616.72"
"Basement Type:  Fully Finished, Heated, Windows",,
"Heat:  Heat Pump(s), Humidifier,Electric",,
Listing Company:  Century 21 Redwood Realty,,
Close Date: ,Close Price: ,DOMM/DOMP: 7/7
,,
,,
,,
"11878 CATOCTIN DR, WOODBRIDGE, VA 22192",,Residential
Status:  ACTIVE,ML#:  PW10281352,"List Price:  $419,999.00"
Type:  Detached,Style:  Split Level,Transaction Type: Standard
BR:  4  FB:  2  HB:  1,Levels:  3   Fpls:  1,ADC Map Coord: -
#Gar/Carpt/Assign:  2//,HOA/Condo Fee:  $161.02/,
Lot Acres:  .25,Int Sqft: 1248,Yr Blt:  1983
Adv Sub:  LAKE RIDGE,,Total Taxes:  
"Basement Type:  Full, Walkout Level",,
"Heat:  Central, Forced Air,Electric",,
Listing Company:  Keller Williams Realty,,
Close Date: ,Close Price: ,DOMM/DOMP: 1/1
,,
,,
,,
"11622 LUCASVILLE RD, MANASSAS, VA 20112",,Residential
Status:  ACTIVE,ML#:  PW10277384,"List Price:  $300,000.00"
Type:  Detached,Style:  Rambler,Transaction Type: Standard
BR:  4  FB:  3  HB:  0,Levels:  2   Fpls:  1,ADC Map Coord: GPS
#Gar/Carpt/Assign:  //,HOA/Condo Fee:  /,
Lot Acres:  1.01,Int Sqft: 0,Yr Blt:  1975
Adv Sub:  N/A,,"Total Taxes:  $3,706.35"
"Basement Type:  Fully Finished, Outside Entrance, Side Entrance, Walkout Stairs, Windows",,
"Heat:  Forced Air,Electric",,
Listing Company:  Keller Williams Realty,,
Close Date: ,Close Price: ,DOMM/DOMP: 6/6
,,
,,
,,
"14507 DEL MAR DR, WOODBRIDGE, VA 22193",,Residential
Status:  ACTIVE,ML#:  PW10279672,"List Price:  $349,950.00"
Type:  Detached,Style:  Colonial,Transaction Type: Standard
BR:  4  FB:  3  HB:  0,Levels:  2   Fpls:  1,ADC Map Coord: GPS168
#Gar/Carpt/Assign:  1//,HOA/Condo Fee:  /,
Lot Acres:  .26,Int Sqft: 0,Yr Blt:  1969
Adv Sub:  DALE CITY,,"Total Taxes:  $3,491.25"
Basement Type:  Fully Finished,,
"Heat:  Hydronic Radiant Floors,Natural Gas",,
"Listing Company:  Long & Foster Real Estate, Inc.",,
Close Date: ,Close Price: ,DOMM/DOMP: 3/3
,,
,,
,,
"14303 FAIRVIEW LN, WOODBRIDGE, VA 22193",,Residential
Status:  ACTIVE,ML#:  PW10280510,"List Price:  $355,000.00"
Type:  Detached,Style:  Raised Rambler,Transaction Type: Standard
BR:  4  FB:  2  HB:  0,Levels:  2   Fpls:  1,ADC Map Coord: 0
#Gar/Carpt/Assign:  2//,HOA/Condo Fee:  /,
Lot Acres:  .29,Int Sqft: 0,Yr Blt:  1968
Adv Sub:  DALE CITY,,"Total Taxes:  $3,669.30"
Basement Type:  Fully Finished,,
"Heat:  90% Forced Air,Natural Gas",,
"Listing Company:  Classic Realty, Ltd.",,
Close Date: ,Close Price: ,DOMM/DOMP: 2/2
,,
,,
,,
"8005 OAK ST, MANASSAS, VA 20111",,Residential
Status:  ACTIVE,ML#:  PW10281058,"List Price:  $374,900.00"
Type:  Detached,Style:  Rambler,Transaction Type: Standard
BR:  5  FB:  3  HB:  0,Levels:  2   Fpls:  0,ADC Map Coord: GPS
#Gar/Carpt/Assign:  //,HOA/Condo Fee:  /,
Lot Acres:  .34,Int Sqft: 2250,Yr Blt:  1991
Adv Sub:  YORKSHIRE ACRES,,"Total Taxes:  $3,648.61"
"Basement Type:  Fully Finished, Walkout Stairs",,
"Heat:  Heat Pump(s),Electric",,
Listing Company:  RE/MAX Premier,,
Close Date: ,Close Price: ,DOMM/DOMP: 1/1
